sku,amazon_mrp,flipkart_mrp,myntra_mrp,price_gap
Os168_S,2495.00,1695.00,1695.00,800.00
Os168_M,2495.00,1695.00,1695.00,800.00
Os168_L,2495.00,1695.00,1695.00,800.00
Os168_XL,2495.00,1695.00,1695.00,800.00
Os168_2XL,2495.00,1695.00,1695.00,800.00
Os168_3XL,2495.00,1695.00,1695.00,800.00
Os291_S,2195.00,2295.00,1795.00,500.00
Os291_M,2195.00,2295.00,1795.00,500.00
Os291_L,2195.00,2295.00,1795.00,500.00
Os291_XL,2195.00,2295.00,1795.00,500.00
Os291_2XL,2195.00,2295.00,1795.00,500.00
Os291_3XL,2195.00,2295.00,1795.00,500.00
Os277_S,3397.00,3397.00,3095.00,302.00
Os277_M,3397.00,3397.00,3095.00,302.00
Os277_L,3397.00,3397.00,3095.00,302.00
Os277_XL,3397.00,3397.00,3095.00,302.00
Os277_2XL,3397.00,3397.00,3095.00,302.00
Os277_3XL,3397.00,3397.00,3095.00,302.00
Os262_S,1695.00,1995.00,1995.00,300.00
Os262_M,1695.00,1995.00,1995.00,300.00
Os262_L,1695.00,1995.00,1995.00,300.00
Os262_XL,1695.00,1995.00,1995.00,300.00
Os262_2XL,1695.00,1995.00,1995.00,300.00
Os262_3XL,1695.00,1995.00,1995.00,300.00
Os1063_S,2695.00,2695.00,2395.00,300.00
Os1063_M,2695.00,2695.00,2395.00,300.00
Os1063_L,2695.00,2695.00,2395.00,300.00
Os1063_XL,2695.00,2695.00,2395.00,300.00
Os1063_2XL,2695.00,2695.00,2395.00,300.00
Os1063_3XL,2695.00,2695.00,2395.00,300.00
Os1075_S,2795.00,2795.00,2495.00,300.00
Os1075_M,2795.00,2795.00,2495.00,300.00
Os1075_L,2795.00,2795.00,2495.00,300.00
Os1075_XL,2795.00,2795.00,2495.00,300.00
Os1075_2XL,2795.00,2795.00,2495.00,300.00
Os1075_3XL,2795.00,2795.00,2495.00,300.00
Os287_S,3495.00,3495.00,3195.00,300.00
Os287_M,3495.00,3495.00,3195.00,300.00
Os287_L,3495.00,3495.00,3195.00,300.00
Os287_XL,3495.00,3495.00,3195.00,300.00
Os287_2XL,3495.00,3495.00,3195.00,300.00
Os287_3XL,3495.00,3495.00,3195.00,300.00
Os278_S,3295.00,3295.00,2995.00,300.00
Os278_M,3295.00,3295.00,2995.00,300.00
Os278_L,3295.00,3295.00,2995.00,300.00
Os278_XL,3295.00,3295.00,2995.00,300.00
Os278_2XL,3295.00,3295.00,2995.00,300.00
Os278_3XL,3295.00,3295.00,2995.00,300.00
Os276_S,3495.00,3495.00,3195.00,300.00
Os276_M,3495.00,3495.00,3195.00,300.00
Os276_L,3495.00,3495.00,3195.00,300.00
Os276_XL,3495.00,3495.00,3195.00,300.00
Os276_2XL,3495.00,3495.00,3195.00,300.00
Os276_3XL,3495.00,3495.00,3195.00,300.00
Os279_S,3197.00,3197.00,2995.00,202.00
Os279_M,3197.00,3197.00,2995.00,202.00
Os279_L,3197.00,3197.00,2995.00,202.00
Os279_XL,3197.00,3197.00,2995.00,202.00
Os279_2XL,3197.00,3197.00,2995.00,202.00
Os279_3XL,3197.00,3197.00,2995.00,202.00
Os153_S,1895.00,1695.00,1695.00,200.00
Os153_M,1895.00,1695.00,1695.00,200.00
Os153_L,1895.00,1695.00,1695.00,200.00
Os153_XL,1895.00,1695.00,1695.00,200.00
Os153_2XL,1895.00,1695.00,1695.00,200.00
Os153_3XL,1895.00,1695.00,1695.00,200.00
Os158_S,1895.00,1695.00,1695.00,200.00
Os158_M,1895.00,1695.00,1695.00,200.00
Os158_L,1895.00,1695.00,1695.00,200.00
Os158_XL,1895.00,1695.00,1695.00,200.00
Os158_2XL,1895.00,1695.00,1695.00,200.00
Os158_3XL,1895.00,1695.00,1695.00,200.00
Os150_S,1895.00,1695.00,1695.00,200.00
Os150_M,1895.00,1695.00,1695.00,200.00
Os150_L,1895.00,1695.00,1695.00,200.00
Os150_XL,1895.00,1695.00,1695.00,200.00
Os150_2XL,1895.00,1695.00,1695.00,200.00
Os150_3XL,1895.00,1695.00,1695.00,200.00
Os154_S,1895.00,1695.00,1695.00,200.00
Os154_M,1895.00,1695.00,1695.00,200.00
Os154_L,1895.00,1695.00,1695.00,200.00
Os154_XL,1895.00,1695.00,1695.00,200.00
Os154_2XL,1895.00,1695.00,1695.00,200.00
Os154_3XL,1895.00,1695.00,1695.00,200.00
Os143_XS,1995.00,1795.00,1795.00,200.00
Os143_S,1995.00,1795.00,1795.00,200.00
Os143_M,1995.00,1795.00,1795.00,200.00
Os143_L,1995.00,1795.00,1795.00,200.00
Os143_XL,1995.00,1795.00,1795.00,200.00
Os289_S,3095.00,3095.00,2895.00,200.00
Os289_M,3095.00,3095.00,2895.00,200.00
Os289_L,3095.00,3095.00,2895.00,200.00
Os289_XL,3095.00,3095.00,2895.00,200.00
Os289_2XL,3095.00,3095.00,2895.00,200.00
Os289_3XL,3095.00,3095.00,2895.00,200.00
Os294_S,2997.00,2975.00,2895.00,102.00
Os294_M,2997.00,2975.00,2895.00,102.00
Os294_L,2997.00,2975.00,2895.00,102.00
Os294_XL,2997.00,2975.00,2895.00,102.00
Os294_2XL,2997.00,2975.00,2895.00,102.00
Os294_3XL,2997.00,2975.00,2895.00,102.00
Os204_3091_3XL,2395.00,2295.00,2395.00,100.00
Os152_S,1695.00,1795.00,1795.00,100.00
Os152_M,1695.00,1795.00,1795.00,100.00
Os152_L,1695.00,1795.00,1795.00,100.00
Os152_XL,1695.00,1795.00,1795.00,100.00
Os152_2XL,1695.00,1795.00,1795.00,100.00
Os152_3XL,1695.00,1795.00,1795.00,100.00
Os149_S,1695.00,1795.00,1795.00,100.00
Os149_M,1695.00,1795.00,1795.00,100.00
Os149_L,1695.00,1795.00,1795.00,100.00
Os149_XL,1695.00,1795.00,1795.00,100.00
Os149_2XL,1695.00,1795.00,1795.00,100.00
Os149_3XL,1695.00,1795.00,1795.00,100.00
Os221_S,1695.00,1795.00,1795.00,100.00
Os221_M,1695.00,1795.00,1795.00,100.00
Os221_L,1695.00,1795.00,1795.00,100.00
Os221_XL,1695.00,1795.00,1795.00,100.00
Os221_2XL,1695.00,1795.00,1795.00,100.00
Os221_3XL,1695.00,1795.00,1795.00,100.00
Os146_XS,1795.00,1895.00,1795.00,100.00
Os146_S,1795.00,1895.00,1795.00,100.00
Os146_M,1795.00,1895.00,1795.00,100.00
Os146_L,1795.00,1895.00,1795.00,100.00
Os146_XL,1795.00,1895.00,1795.00,100.00
Os151_S,1895.00,1995.00,1995.00,100.00
Os151_M,1895.00,1995.00,1995.00,100.00
Os151_L,1895.00,1995.00,1995.00,100.00
Os151_XL,1895.00,1995.00,1995.00,100.00
Os151_2XL,1895.00,1995.00,1995.00,100.00
Os151_3XL,1895.00,1995.00,1995.00,100.00
Os282_S,3295.00,3295.00,3197.00,98.00
Os282_M,3295.00,3295.00,3197.00,98.00
Os282_L,3295.00,3295.00,3197.00,98.00
Os282_XL,3295.00,3295.00,3197.00,98.00
Os282_2XL,3295.00,3295.00,3197.00,98.00
Os282_3XL,3295.00,3295.00,3197.00,98.00
Os285_XS,1595.00,1595.00,1597.00,2.00
Os285_S,1595.00,1595.00,1597.00,2.00
Os285_M,1595.00,1595.00,1597.00,2.00
Os285_L,1595.00,1595.00,1597.00,2.00
Os285_XL,1595.00,1595.00,1597.00,2.00
Os206_3141_S,2295.00,2295.00,2295.00,0.00
Os206_3141_M,2295.00,2295.00,2295.00,0.00
Os206_3141_L,2295.00,2295.00,2295.00,0.00
Os206_3141_XL,2295.00,2295.00,2295.00,0.00
Os206_3141_2XL,2295.00,2295.00,2295.00,0.00
Os206_3141_3XL,2295.00,2295.00,2295.00,0.00
Os223_3142_S,2295.00,2295.00,2295.00,0.00
Os223_3142_M,2295.00,2295.00,2295.00,0.00
Os223_3142_L,2295.00,2295.00,2295.00,0.00
Os223_3142_XL,2295.00,2295.00,2295.00,0.00
Os223_3142_2XL,2295.00,2295.00,2295.00,0.00
Os223_3142_3XL,2295.00,2295.00,2295.00,0.00
Os212_3143_S,2295.00,2295.00,2295.00,0.00
Os212_3143_M,2295.00,2295.00,2295.00,0.00
Os212_3143_L,2295.00,2295.00,2295.00,0.00
Os212_3143_XL,2295.00,2295.00,2295.00,0.00
Os212_3143_2XL,2295.00,2295.00,2295.00,0.00
Os212_3143_3XL,2295.00,2295.00,2295.00,0.00
Os214_3144_S,2295.00,2295.00,2295.00,0.00
Os214_3144_M,2295.00,2295.00,2295.00,0.00
Os214_3144_L,2295.00,2295.00,2295.00,0.00
Os214_3144_XL,2295.00,2295.00,2295.00,0.00
Os214_3144_2XL,2295.00,2295.00,2295.00,0.00
Os214_3144_3XL,2295.00,2295.00,2295.00,0.00
Os207_3145_S,2295.00,2295.00,2295.00,0.00
Os207_3145_M,2295.00,2295.00,2295.00,0.00
Os207_3145_L,2295.00,2295.00,2295.00,0.00
Os207_3145_XL,2295.00,2295.00,2295.00,0.00
Os207_3145_2XL,2295.00,2295.00,2295.00,0.00
Os207_3145_3XL,2295.00,2295.00,2295.00,0.00
Os202_3146_S,2295.00,2295.00,2295.00,0.00
Os202_3146_M,2295.00,2295.00,2295.00,0.00
Os202_3146_L,2295.00,2295.00,2295.00,0.00
Os202_3146_XL,2295.00,2295.00,2295.00,0.00
Os202_3146_2XL,2295.00,2295.00,2295.00,0.00
Os202_3146_3XL,2295.00,2295.00,2295.00,0.00
Os181_5051_S,1895.00,1895.00,1895.00,0.00
Os181_5051_M,1895.00,1895.00,1895.00,0.00
Os181_5051_L,1895.00,1895.00,1895.00,0.00
Os181_5051_XL,1895.00,1895.00,1895.00,0.00
Os181_5051_2XL,1895.00,1895.00,1895.00,0.00
Os181_5051_3XL,1895.00,1895.00,1895.00,0.00
Os191_5052_S,1895.00,1895.00,1895.00,0.00
Os191_5052_M,1895.00,1895.00,1895.00,0.00
Os191_5052_L,1895.00,1895.00,1895.00,0.00
Os191_5052_XL,1895.00,1895.00,1895.00,0.00
Os191_5052_2XL,1895.00,1895.00,1895.00,0.00
Os191_5052_3XL,1895.00,1895.00,1895.00,0.00
Os197_5053_S,1895.00,1895.00,1895.00,0.00
Os197_5053_M,1895.00,1895.00,1895.00,0.00
Os197_5053_L,1895.00,1895.00,1895.00,0.00
Os197_5053_XL,1895.00,1895.00,1895.00,0.00
Os197_5053_2XL,1895.00,1895.00,1895.00,0.00
Os197_5053_3XL,1895.00,1895.00,1895.00,0.00
OS219_5054_S,1895.00,1895.00,1895.00,0.00
OS219_5054_M,1895.00,1895.00,1895.00,0.00
OS219_5054_L,1895.00,1895.00,1895.00,0.00
OS219_5054_XL,1895.00,1895.00,1895.00,0.00
OS219_5054_2XL,1895.00,1895.00,1895.00,0.00
OS219_5054_3XL,1895.00,1895.00,1895.00,0.00
Os195_5055_S,1895.00,1895.00,1895.00,0.00
Os195_5055_M,1895.00,1895.00,1895.00,0.00
Os195_5055_L,1895.00,1895.00,1895.00,0.00
Os195_5055_XL,1895.00,1895.00,1895.00,0.00
Os195_5055_2XL,1895.00,1895.00,1895.00,0.00
Os195_5055_3XL,1895.00,1895.00,1895.00,0.00
Os189_5056_S,1895.00,1895.00,1895.00,0.00
Os189_5056_M,1895.00,1895.00,1895.00,0.00
Os189_5056_L,1895.00,1895.00,1895.00,0.00
Os189_5056_XL,1895.00,1895.00,1895.00,0.00
Os189_5056_2XL,1895.00,1895.00,1895.00,0.00
Os189_5056_3XL,1895.00,1895.00,1895.00,0.00
Os182_5057_S,1895.00,1895.00,1895.00,0.00
Os182_5057_M,1895.00,1895.00,1895.00,0.00
Os182_5057_L,1895.00,1895.00,1895.00,0.00
Os182_5057_XL,1895.00,1895.00,1895.00,0.00
Os182_5057_2XL,1895.00,1895.00,1895.00,0.00
Os182_5057_3XL,1895.00,1895.00,1895.00,0.00
Os209_5058_S,1895.00,1895.00,1895.00,0.00
Os209_5058_M,1895.00,1895.00,1895.00,0.00
Os209_5058_L,1895.00,1895.00,1895.00,0.00
Os209_5058_XL,1895.00,1895.00,1895.00,0.00
Os209_5058_2XL,1895.00,1895.00,1895.00,0.00
Os209_5058_3XL,1895.00,1895.00,1895.00,0.00
Os218_3151_S,2195.00,2195.00,2195.00,0.00
Os218_3151_M,2195.00,2195.00,2195.00,0.00
Os218_3151_L,2195.00,2195.00,2195.00,0.00
Os218_3151_XL,2195.00,2195.00,2195.00,0.00
Os218_3151_2XL,2195.00,2195.00,2195.00,0.00
Os218_3151_3XL,2195.00,2195.00,2195.00,0.00
Os201_3152_S,2195.00,2195.00,2195.00,0.00
Os201_3152_M,2195.00,2195.00,2195.00,0.00
Os201_3152_L,2195.00,2195.00,2195.00,0.00
Os201_3152_XL,2195.00,2195.00,2195.00,0.00
Os201_3152_2XL,2195.00,2195.00,2195.00,0.00
Os201_3152_3XL,2195.00,2195.00,2195.00,0.00
Os175_3153_S,2195.00,2195.00,2195.00,0.00
Os175_3153_M,2195.00,2195.00,2195.00,0.00
Os175_3153_L,2195.00,2195.00,2195.00,0.00
Os175_3153_XL,2195.00,2195.00,2195.00,0.00
Os175_3153_2XL,2195.00,2195.00,2195.00,0.00
Os175_3153_3XL,2195.00,2195.00,2195.00,0.00
Os220_3154_S,2195.00,2195.00,2195.00,0.00
Os220_3154_M,2195.00,2195.00,2195.00,0.00
Os220_3154_L,2195.00,2195.00,2195.00,0.00
Os220_3154_XL,2195.00,2195.00,2195.00,0.00
Os220_3154_2XL,2195.00,2195.00,2195.00,0.00
Os220_3154_3XL,2195.00,2195.00,2195.00,0.00
Os174_3155_S,2195.00,2195.00,2195.00,0.00
Os174_3155_M,2195.00,2195.00,2195.00,0.00
Os174_3155_L,2195.00,2195.00,2195.00,0.00
Os174_3155_XL,2195.00,2195.00,2195.00,0.00
Os174_3155_2XL,2195.00,2195.00,2195.00,0.00
Os174_3155_3XL,2195.00,2195.00,2195.00,0.00
Os222_3156_S,2195.00,2195.00,2195.00,0.00
Os222_3156_M,2195.00,2195.00,2195.00,0.00
Os222_3156_L,2195.00,2195.00,2195.00,0.00
Os222_3156_XL,2195.00,2195.00,2195.00,0.00
Os222_3156_2XL,2195.00,2195.00,2195.00,0.00
Os222_3156_3XL,2195.00,2195.00,2195.00,0.00
Os228_1432_S,2495.00,2495.00,2495.00,0.00
Os228_1432_M,2495.00,2495.00,2495.00,0.00
Os228_1432_L,2495.00,2495.00,2495.00,0.00
Os228_1432_XL,2495.00,2495.00,2495.00,0.00
Os228_1432_2XL,2495.00,2495.00,2495.00,0.00
Os228_1432_3XL,2495.00,2495.00,2495.00,0.00
Os227_1437_S,2495.00,2495.00,2495.00,0.00
Os227_1437_M,2495.00,2495.00,2495.00,0.00
Os227_1437_L,2495.00,2495.00,2495.00,0.00
Os227_1437_XL,2495.00,2495.00,2495.00,0.00
Os227_1437_2XL,2495.00,2495.00,2495.00,0.00
Os227_1437_3XL,2495.00,2495.00,2495.00,0.00
OS224_1433_S,2495.00,2495.00,2495.00,0.00
OS224_1433_M,2495.00,2495.00,2495.00,0.00
OS224_1433_L,2495.00,2495.00,2495.00,0.00
OS224_1433_XL,2495.00,2495.00,2495.00,0.00
OS224_1433_2XL,2495.00,2495.00,2495.00,0.00
OS224_1433_3XL,2495.00,2495.00,2495.00,0.00
Os232_1431_S,2495.00,2495.00,2495.00,0.00
Os232_1431_M,2495.00,2495.00,2495.00,0.00
Os232_1431_L,2495.00,2495.00,2495.00,0.00
Os232_1431_XL,2495.00,2495.00,2495.00,0.00
Os232_1431_2XL,2495.00,2495.00,2495.00,0.00
Os232_1431_3XL,2495.00,2495.00,2495.00,0.00
Os226_1436_S,2495.00,2495.00,2495.00,0.00
Os226_1436_M,2495.00,2495.00,2495.00,0.00
Os226_1436_L,2495.00,2495.00,2495.00,0.00
Os226_1436_XL,2495.00,2495.00,2495.00,0.00
Os226_1436_2XL,2495.00,2495.00,2495.00,0.00
Os226_1436_3XL,2495.00,2495.00,2495.00,0.00
Os230_1438_S,2495.00,2495.00,2495.00,0.00
Os230_1438_M,2495.00,2495.00,2495.00,0.00
Os230_1438_L,2495.00,2495.00,2495.00,0.00
Os230_1438_XL,2495.00,2495.00,2495.00,0.00
Os230_1438_2XL,2495.00,2495.00,2495.00,0.00
Os230_1438_3XL,2495.00,2495.00,2495.00,0.00
Os225_1434_S,2495.00,2495.00,2495.00,0.00
Os225_1434_M,2495.00,2495.00,2495.00,0.00
Os225_1434_L,2495.00,2495.00,2495.00,0.00
Os225_1434_XL,2495.00,2495.00,2495.00,0.00
Os225_1434_2XL,2495.00,2495.00,2495.00,0.00
Os225_1434_3XL,2495.00,2495.00,2495.00,0.00
Os229_1435_S,2495.00,2495.00,2495.00,0.00
Os229_1435_M,2495.00,2495.00,2495.00,0.00
Os229_1435_L,2495.00,2495.00,2495.00,0.00
Os229_1435_XL,2495.00,2495.00,2495.00,0.00
Os229_1435_2XL,2495.00,2495.00,2495.00,0.00
Os229_1435_3XL,2495.00,2495.00,2495.00,0.00
Os200_5041_S,1595.00,1595.00,1595.00,0.00
Os200_5041_M,1595.00,1595.00,1595.00,0.00
Os200_5041_L,1595.00,1595.00,1595.00,0.00
Os200_5041_XL,1595.00,1595.00,1595.00,0.00
Os200_5041_2XL,1595.00,1595.00,1595.00,0.00
Os200_5041_3XL,1595.00,1595.00,1595.00,0.00
Os188_5042_S,1595.00,1595.00,1595.00,0.00
Os188_5042_M,1595.00,1595.00,1595.00,0.00
Os188_5042_L,1595.00,1595.00,1595.00,0.00
Os188_5042_XL,1595.00,1595.00,1595.00,0.00
Os188_5042_2XL,1595.00,1595.00,1595.00,0.00
Os188_5042_3XL,1595.00,1595.00,1595.00,0.00
Os208_5043_S,1595.00,1595.00,1595.00,0.00
Os208_5043_M,1595.00,1595.00,1595.00,0.00
Os208_5043_L,1595.00,1595.00,1595.00,0.00
Os208_5043_XL,1595.00,1595.00,1595.00,0.00
Os208_5043_2XL,1595.00,1595.00,1595.00,0.00
Os208_5043_3XL,1595.00,1595.00,1595.00,0.00
Os183_5044_S,1595.00,1595.00,1595.00,0.00
Os183_5044_M,1595.00,1595.00,1595.00,0.00
Os183_5044_L,1595.00,1595.00,1595.00,0.00
Os183_5044_XL,1595.00,1595.00,1595.00,0.00
Os183_5044_2XL,1595.00,1595.00,1595.00,0.00
Os183_5044_3XL,1595.00,1595.00,1595.00,0.00
Os198_5045_S,1595.00,1595.00,1595.00,0.00
Os198_5045_M,1595.00,1595.00,1595.00,0.00
Os198_5045_L,1595.00,1595.00,1595.00,0.00
Os198_5045_XL,1595.00,1595.00,1595.00,0.00
Os198_5045_2XL,1595.00,1595.00,1595.00,0.00
Os198_5045_3XL,1595.00,1595.00,1595.00,0.00
Os199_5046_S,1595.00,1595.00,1595.00,0.00
Os199_5046_M,1595.00,1595.00,1595.00,0.00
Os199_5046_L,1595.00,1595.00,1595.00,0.00
Os199_5046_XL,1595.00,1595.00,1595.00,0.00
Os199_5046_2XL,1595.00,1595.00,1595.00,0.00
Os199_5046_3XL,1595.00,1595.00,1595.00,0.00
Os170_5048_S,1595.00,1595.00,1595.00,0.00
Os170_5048_M,1595.00,1595.00,1595.00,0.00
Os170_5048_L,1595.00,1595.00,1595.00,0.00
Os170_5048_XL,1595.00,1595.00,1595.00,0.00
Os170_5048_2XL,1595.00,1595.00,1595.00,0.00
Os170_5048_3XL,1595.00,1595.00,1595.00,0.00
Os235_1112_S,3995.00,3995.00,3995.00,0.00
Os235_1112_M,3995.00,3995.00,3995.00,0.00
Os235_1112_L,3995.00,3995.00,3995.00,0.00
Os235_1112_XL,3995.00,3995.00,3995.00,0.00
Os235_1112_2XL,3995.00,3995.00,3995.00,0.00
Os235_1112_3XL,3995.00,3995.00,3995.00,0.00
Os233_1058_S,3995.00,3995.00,3995.00,0.00
Os233_1058_M,3995.00,3995.00,3995.00,0.00
Os233_1058_L,3995.00,3995.00,3995.00,0.00
Os233_1058_XL,3995.00,3995.00,3995.00,0.00
Os233_1058_2XL,3995.00,3995.00,3995.00,0.00
Os233_1058_3XL,3995.00,3995.00,3995.00,0.00
Os179_1116_S,2395.00,2395.00,2395.00,0.00
Os179_1116_M,2395.00,2395.00,2395.00,0.00
Os179_1116_L,2395.00,2395.00,2395.00,0.00
Os179_1116_XL,2395.00,2395.00,2395.00,0.00
Os179_1116_2XL,2395.00,2395.00,2395.00,0.00
Os179_1116_3XL,2395.00,2395.00,2395.00,0.00
Os210_3137_S,2195.00,2195.00,2195.00,0.00
Os210_3137_M,2195.00,2195.00,2195.00,0.00
Os210_3137_L,2195.00,2195.00,2195.00,0.00
Os210_3137_XL,2195.00,2195.00,2195.00,0.00
Os210_3137_2XL,2195.00,2195.00,2195.00,0.00
Os210_3137_3XL,2195.00,2195.00,2195.00,0.00
Os177_1057_S,2995.00,2995.00,2995.00,0.00
Os177_1057_M,2995.00,2995.00,2995.00,0.00
Os177_1057_L,2995.00,2995.00,2995.00,0.00
Os177_1057_XL,2995.00,2995.00,2995.00,0.00
Os177_1057_2XL,2995.00,2995.00,2995.00,0.00
Os177_1057_3XL,2995.00,2995.00,2995.00,0.00
Os180_3134_S,2195.00,2195.00,2195.00,0.00
Os180_3134_M,2195.00,2195.00,2195.00,0.00
Os180_3134_L,2195.00,2195.00,2195.00,0.00
Os180_3134_XL,2195.00,2195.00,2195.00,0.00
Os180_3134_2XL,2195.00,2195.00,2195.00,0.00
Os180_3134_3XL,2195.00,2195.00,2195.00,0.00
Os178_1115_S,2495.00,2495.00,2495.00,0.00
Os178_1115_M,2495.00,2495.00,2495.00,0.00
Os178_1115_L,2495.00,2495.00,2495.00,0.00
Os178_1115_XL,2495.00,2495.00,2495.00,0.00
Os178_1115_2XL,2495.00,2495.00,2495.00,0.00
Os178_1115_3XL,2495.00,2495.00,2495.00,0.00
Os211_3011_S,1995.00,1995.00,1995.00,0.00
Os211_3011_M,1995.00,1995.00,1995.00,0.00
Os211_3011_L,1995.00,1995.00,1995.00,0.00
Os211_3011_XL,1995.00,1995.00,1995.00,0.00
Os211_3011_2XL,1995.00,1995.00,1995.00,0.00
Os211_3011_3XL,1995.00,1995.00,1995.00,0.00
Os171_1096_S,2395.00,2395.00,2395.00,0.00
Os171_1096_M,2395.00,2395.00,2395.00,0.00
Os171_1096_L,2395.00,2395.00,2395.00,0.00
Os171_1096_XL,2395.00,2395.00,2395.00,0.00
Os171_1096_2XL,2395.00,2395.00,2395.00,0.00
Os171_1096_3XL,2395.00,2395.00,2395.00,0.00
Os184_1127_S,2295.00,2295.00,2295.00,0.00
Os184_1127_M,2295.00,2295.00,2295.00,0.00
Os184_1127_L,2295.00,2295.00,2295.00,0.00
Os184_1127_XL,2295.00,2295.00,2295.00,0.00
Os184_1127_2XL,2295.00,2295.00,2295.00,0.00
Os184_1127_3XL,2295.00,2295.00,2295.00,0.00
Os231_1384_S,2795.00,2795.00,2795.00,0.00
Os231_1384_M,2795.00,2795.00,2795.00,0.00
Os231_1384_L,2795.00,2795.00,2795.00,0.00
Os231_1384_XL,2795.00,2795.00,2795.00,0.00
Os231_1384_2XL,2795.00,2795.00,2795.00,0.00
Os231_1384_3XL,2795.00,2795.00,2795.00,0.00
Os186_1377_S,2295.00,2295.00,2295.00,0.00
Os186_1377_M,2295.00,2295.00,2295.00,0.00
Os186_1377_L,2295.00,2295.00,2295.00,0.00
Os186_1377_XL,2295.00,2295.00,2295.00,0.00
Os186_1377_2XL,2295.00,2295.00,2295.00,0.00
Os186_1377_3XL,2295.00,2295.00,2295.00,0.00
Os185_1105_S,2295.00,2295.00,2295.00,0.00
Os185_1105_M,2295.00,2295.00,2295.00,0.00
Os185_1105_L,2295.00,2295.00,2295.00,0.00
Os185_1105_XL,2295.00,2295.00,2295.00,0.00
Os185_1105_2XL,2295.00,2295.00,2295.00,0.00
Os185_1105_3XL,2295.00,2295.00,2295.00,0.00
Os190_1128_S,2295.00,2295.00,2295.00,0.00
Os190_1128_M,2295.00,2295.00,2295.00,0.00
Os190_1128_L,2295.00,2295.00,2295.00,0.00
Os190_1128_XL,2295.00,2295.00,2295.00,0.00
Os190_1128_2XL,2295.00,2295.00,2295.00,0.00
Os190_1128_3XL,2295.00,2295.00,2295.00,0.00
Os192_1124_S,2295.00,2295.00,2295.00,0.00
Os192_1124_M,2295.00,2295.00,2295.00,0.00
Os192_1124_L,2295.00,2295.00,2295.00,0.00
Os192_1124_XL,2295.00,2295.00,2295.00,0.00
Os192_1124_2XL,2295.00,2295.00,2295.00,0.00
Os192_1124_3XL,2295.00,2295.00,2295.00,0.00
Os172_1092_S,2295.00,2295.00,2295.00,0.00
Os172_1092_M,2295.00,2295.00,2295.00,0.00
Os172_1092_L,2295.00,2295.00,2295.00,0.00
Os172_1092_XL,2295.00,2295.00,2295.00,0.00
Os172_1092_2XL,2295.00,2295.00,2295.00,0.00
Os172_1092_3XL,2295.00,2295.00,2295.00,0.00
Os176_1015_S,3095.00,3095.00,3095.00,0.00
Os176_1015_M,3095.00,3095.00,3095.00,0.00
Os176_1015_L,3095.00,3095.00,3095.00,0.00
Os176_1015_XL,3095.00,3095.00,3095.00,0.00
Os176_1015_2XL,3095.00,3095.00,3095.00,0.00
Os176_1015_3XL,3095.00,3095.00,3095.00,0.00
Os196_1371_S,2295.00,2295.00,2295.00,0.00
Os196_1371_M,2295.00,2295.00,2295.00,0.00
Os196_1371_L,2295.00,2295.00,2295.00,0.00
Os196_1371_XL,2295.00,2295.00,2295.00,0.00
Os196_1371_2XL,2295.00,2295.00,2295.00,0.00
Os196_1371_3XL,2295.00,2295.00,2295.00,0.00
Os193_1062_S,2395.00,2395.00,2395.00,0.00
Os193_1062_M,2395.00,2395.00,2395.00,0.00
Os193_1062_L,2395.00,2395.00,2395.00,0.00
Os193_1062_XL,2395.00,2395.00,2395.00,0.00
Os193_1062_2XL,2395.00,2395.00,2395.00,0.00
Os193_1062_3XL,2395.00,2395.00,2395.00,0.00
Os205_1054_S,2395.00,2395.00,2395.00,0.00
Os205_1054_M,2395.00,2395.00,2395.00,0.00
Os205_1054_L,2395.00,2395.00,2395.00,0.00
Os205_1054_XL,2395.00,2395.00,2395.00,0.00
Os205_1054_2XL,2395.00,2395.00,2395.00,0.00
Os205_1054_3XL,2395.00,2395.00,2395.00,0.00
Os203_1100_S,2395.00,2395.00,2395.00,0.00
Os203_1100_M,2395.00,2395.00,2395.00,0.00
Os203_1100_L,2395.00,2395.00,2395.00,0.00
Os203_1100_XL,2395.00,2395.00,2395.00,0.00
Os203_1100_2XL,2395.00,2395.00,2395.00,0.00
Os203_1100_3XL,2395.00,2395.00,2395.00,0.00
Os204_3091_S,2395.00,2395.00,2395.00,0.00
Os204_3091_M,2395.00,2395.00,2395.00,0.00
Os204_3091_L,2395.00,2395.00,2395.00,0.00
Os204_3091_XL,2395.00,2395.00,2395.00,0.00
Os204_3091_2XL,2395.00,2395.00,2395.00,0.00
Os160_S,1695.00,1695.00,1695.00,0.00
Os160_M,1695.00,1695.00,1695.00,0.00
Os160_L,1695.00,1695.00,1695.00,0.00
Os160_XL,1695.00,1695.00,1695.00,0.00
Os160_2XL,1695.00,1695.00,1695.00,0.00
Os160_3XL,1695.00,1695.00,1695.00,0.00
Os162_S,1695.00,1695.00,1695.00,0.00
Os162_M,1695.00,1695.00,1695.00,0.00
Os162_L,1695.00,1695.00,1695.00,0.00
Os162_XL,1695.00,1695.00,1695.00,0.00
Os162_2XL,1695.00,1695.00,1695.00,0.00
Os162_3XL,1695.00,1695.00,1695.00,0.00
Os110_14253_S,1595.00,1595.00,1595.00,0.00
Os110_14253_M,1595.00,1595.00,1595.00,0.00
Os110_14253_L,1595.00,1595.00,1595.00,0.00
Os110_14253_XL,1595.00,1595.00,1595.00,0.00
Os110_14253_2XL,1595.00,1595.00,1595.00,0.00
Os110_14253_3XL,1595.00,1595.00,1595.00,0.00
Os117_3063_S,1595.00,1595.00,1595.00,0.00
Os117_3063_M,1595.00,1595.00,1595.00,0.00
Os117_3063_L,1595.00,1595.00,1595.00,0.00
Os117_3063_XL,1595.00,1595.00,1595.00,0.00
Os117_3063_2XL,1595.00,1595.00,1595.00,0.00
Os117_3063_3XL,1595.00,1595.00,1595.00,0.00
Os122_1736_S,1895.00,1895.00,1895.00,0.00
Os122_1736_M,1895.00,1895.00,1895.00,0.00
Os122_1736_L,1895.00,1895.00,1895.00,0.00
Os122_1736_XL,1895.00,1895.00,1895.00,0.00
Os122_1736_2XL,1895.00,1895.00,1895.00,0.00
Os122_1736_3XL,1895.00,1895.00,1895.00,0.00
Os119_3094_S,1895.00,1895.00,1895.00,0.00
Os119_3094_M,1895.00,1895.00,1895.00,0.00
Os119_3094_L,1895.00,1895.00,1895.00,0.00
Os119_3094_XL,1895.00,1895.00,1895.00,0.00
Os119_3094_2XL,1895.00,1895.00,1895.00,0.00
Os119_3094_3XL,1895.00,1895.00,1895.00,0.00
Os120_14412_S,1895.00,1895.00,1895.00,0.00
Os120_14412_M,1895.00,1895.00,1895.00,0.00
Os120_14412_L,1895.00,1895.00,1895.00,0.00
Os120_14412_XL,1895.00,1895.00,1895.00,0.00
Os120_14412_2XL,1895.00,1895.00,1895.00,0.00
Os120_14412_3XL,1895.00,1895.00,1895.00,0.00
Os126_14249_S,1595.00,1595.00,1595.00,0.00
Os126_14249_M,1595.00,1595.00,1595.00,0.00
Os126_14249_L,1595.00,1595.00,1595.00,0.00
Os126_14249_XL,1595.00,1595.00,1595.00,0.00
Os126_14249_2XL,1595.00,1595.00,1595.00,0.00
Os126_14249_3XL,1595.00,1595.00,1595.00,0.00
Os132_1866_S,1195.00,1195.00,1195.00,0.00
Os132_1866_M,1195.00,1195.00,1195.00,0.00
Os132_1866_L,1195.00,1195.00,1195.00,0.00
Os132_1866_XL,1195.00,1195.00,1195.00,0.00
Os132_1866_2XL,1195.00,1195.00,1195.00,0.00
Os132_1866_3XL,1195.00,1195.00,1195.00,0.00
Os116_14254_S,1595.00,1595.00,1595.00,0.00
Os116_14254_M,1595.00,1595.00,1595.00,0.00
Os116_14254_L,1595.00,1595.00,1595.00,0.00
Os116_14254_XL,1595.00,1595.00,1595.00,0.00
Os116_14254_2XL,1595.00,1595.00,1595.00,0.00
Os116_14254_3XL,1595.00,1595.00,1595.00,0.00
Os113_3090_S,1995.00,1995.00,1995.00,0.00
Os113_3090_M,1995.00,1995.00,1995.00,0.00
Os113_3090_L,1995.00,1995.00,1995.00,0.00
Os113_3090_XL,1995.00,1995.00,1995.00,0.00
Os113_3090_2XL,1995.00,1995.00,1995.00,0.00
Os113_3090_3XL,1995.00,1995.00,1995.00,0.00
Os111_3074_S,1895.00,1895.00,1895.00,0.00
Os111_3074_M,1895.00,1895.00,1895.00,0.00
Os111_3074_L,1895.00,1895.00,1895.00,0.00
Os111_3074_XL,1895.00,1895.00,1895.00,0.00
Os111_3074_2XL,1895.00,1895.00,1895.00,0.00
Os111_3074_3XL,1895.00,1895.00,1895.00,0.00
Os123_1332_S,1595.00,1595.00,1595.00,0.00
Os123_1332_M,1595.00,1595.00,1595.00,0.00
Os123_1332_L,1595.00,1595.00,1595.00,0.00
Os123_1332_XL,1595.00,1595.00,1595.00,0.00
Os123_1332_2XL,1595.00,1595.00,1595.00,0.00
Os123_1332_3XL,1595.00,1595.00,1595.00,0.00
Os141_1331_S,1595.00,1595.00,1595.00,0.00
Os141_1331_M,1595.00,1595.00,1595.00,0.00
Os141_1331_L,1595.00,1595.00,1595.00,0.00
Os141_1331_XL,1595.00,1595.00,1595.00,0.00
Os141_1331_2XL,1595.00,1595.00,1595.00,0.00
Os141_1331_3XL,1595.00,1595.00,1595.00,0.00
Os102_14255_S,1595.00,1595.00,1595.00,0.00
Os102_14255_M,1595.00,1595.00,1595.00,0.00
Os102_14255_L,1595.00,1595.00,1595.00,0.00
Os102_14255_XL,1595.00,1595.00,1595.00,0.00
Os102_14255_2XL,1595.00,1595.00,1595.00,0.00
Os102_14255_3XL,1595.00,1595.00,1595.00,0.00
Os104_1276_S,1595.00,1595.00,1595.00,0.00
Os104_1276_M,1595.00,1595.00,1595.00,0.00
Os104_1276_L,1595.00,1595.00,1595.00,0.00
Os104_1276_XL,1595.00,1595.00,1595.00,0.00
Os104_1276_2XL,1595.00,1595.00,1595.00,0.00
Os104_1276_3XL,1595.00,1595.00,1595.00,0.00
Os106_14213_S,2395.00,2395.00,2395.00,0.00
Os106_14213_M,2395.00,2395.00,2395.00,0.00
Os106_14213_L,2395.00,2395.00,2395.00,0.00
Os106_14213_XL,2395.00,2395.00,2395.00,0.00
Os106_14213_2XL,2395.00,2395.00,2395.00,0.00
Os106_14213_3XL,2395.00,2395.00,2395.00,0.00
Os105_3062_S,1595.00,1595.00,1595.00,0.00
Os105_3062_M,1595.00,1595.00,1595.00,0.00
Os105_3062_L,1595.00,1595.00,1595.00,0.00
Os105_3062_XL,1595.00,1595.00,1595.00,0.00
Os105_3062_2XL,1595.00,1595.00,1595.00,0.00
Os105_3062_3XL,1595.00,1595.00,1595.00,0.00
Os109_3095_S,1895.00,1895.00,1895.00,0.00
Os109_3095_M,1895.00,1895.00,1895.00,0.00
Os109_3095_L,1895.00,1895.00,1895.00,0.00
Os109_3095_XL,1895.00,1895.00,1895.00,0.00
Os109_3095_2XL,1895.00,1895.00,1895.00,0.00
Os109_3095_3XL,1895.00,1895.00,1895.00,0.00
Os173_3090_S,1895.00,1895.00,1895.00,0.00
Os173_3090_M,1895.00,1895.00,1895.00,0.00
Os173_3090_L,1895.00,1895.00,1895.00,0.00
Os173_3090_XL,1895.00,1895.00,1895.00,0.00
Os173_3090_2XL,1895.00,1895.00,1895.00,0.00
Os173_3090_3XL,1895.00,1895.00,1895.00,0.00
Os187_5073_S,1695.00,1695.00,1695.00,0.00
Os187_5073_M,1695.00,1695.00,1695.00,0.00
Os187_5073_L,1695.00,1695.00,1695.00,0.00
Os187_5073_XL,1695.00,1695.00,1695.00,0.00
Os187_5073_2XL,1695.00,1695.00,1695.00,0.00
Os187_5073_3XL,1695.00,1695.00,1695.00,0.00
Os215_5072_S,1695.00,1695.00,1695.00,0.00
Os215_5072_M,1695.00,1695.00,1695.00,0.00
Os215_5072_L,1695.00,1695.00,1695.00,0.00
Os215_5072_XL,1695.00,1695.00,1695.00,0.00
Os215_5072_2XL,1695.00,1695.00,1695.00,0.00
Os215_5072_3XL,1695.00,1695.00,1695.00,0.00
Os103_4171_S,1995.00,1995.00,1995.00,0.00
Os103_4171_XS,1995.00,1995.00,1995.00,0.00
Os103_4171_M,1995.00,1995.00,1995.00,0.00
Os103_4171_L,1995.00,1995.00,1995.00,0.00
Os103_4171_XL,1995.00,1995.00,1995.00,0.00
Os103_4171_2XL,1995.00,1995.00,1995.00,0.00
Os103_4171_3XL,1995.00,1995.00,1995.00,0.00
Os216_3095_M,1895.00,1895.00,1895.00,0.00
Os216_3095_S,1895.00,1895.00,1895.00,0.00
Os216_3095_L,1895.00,1895.00,1895.00,0.00
Os216_3095_XL,1895.00,1895.00,1895.00,0.00
Os216_3095_2XL,1895.00,1895.00,1895.00,0.00
Os216_3095_3XL,1895.00,1895.00,1895.00,0.00
Os217_5071_S,1695.00,1695.00,1695.00,0.00
Os217_5071_M,1695.00,1695.00,1695.00,0.00
Os217_5071_L,1695.00,1695.00,1695.00,0.00
Os217_5071_XL,1695.00,1695.00,1695.00,0.00
Os217_5071_2XL,1695.00,1695.00,1695.00,0.00
Os217_5071_3XL,1695.00,1695.00,1695.00,0.00
Os148_S,1695.00,1695.00,1695.00,0.00
Os148_M,1695.00,1695.00,1695.00,0.00
Os148_L,1695.00,1695.00,1695.00,0.00
Os148_XL,1695.00,1695.00,1695.00,0.00
Os148_2XL,1695.00,1695.00,1695.00,0.00
Os148_3XL,1695.00,1695.00,1695.00,0.00
Os164_S,1695.00,1695.00,1695.00,0.00
Os164_M,1695.00,1695.00,1695.00,0.00
Os164_L,1695.00,1695.00,1695.00,0.00
Os164_XL,1695.00,1695.00,1695.00,0.00
Os164_2XL,1695.00,1695.00,1695.00,0.00
Os164_3XL,1695.00,1695.00,1695.00,0.00
Os157_S,1795.00,1795.00,1795.00,0.00
Os157_M,1795.00,1795.00,1795.00,0.00
Os157_L,1795.00,1795.00,1795.00,0.00
Os157_XL,1795.00,1795.00,1795.00,0.00
Os157_2XL,1795.00,1795.00,1795.00,0.00
Os157_3XL,1795.00,1795.00,1795.00,0.00
Os167_XS,1695.00,1695.00,1695.00,0.00
Os167_S,1695.00,1695.00,1695.00,0.00
Os167_M,1695.00,1695.00,1695.00,0.00
Os167_L,1695.00,1695.00,1695.00,0.00
Os167_XL,1695.00,1695.00,1695.00,0.00
Os167_2XL,1695.00,1695.00,1695.00,0.00
Os167_3XL,1695.00,1695.00,1695.00,0.00
Os161_S,1695.00,1695.00,1695.00,0.00
Os161_M,1695.00,1695.00,1695.00,0.00
Os161_L,1695.00,1695.00,1695.00,0.00
Os161_XL,1695.00,1695.00,1695.00,0.00
Os161_2XL,1695.00,1695.00,1695.00,0.00
Os161_3XL,1695.00,1695.00,1695.00,0.00
Os135_14274_S,2795.00,2795.00,2795.00,0.00
Os135_14274_M,2795.00,2795.00,2795.00,0.00
Os135_14274_L,2795.00,2795.00,2795.00,0.00
Os135_14274_XL,2795.00,2795.00,2795.00,0.00
Os135_14274_2XL,2795.00,2795.00,2795.00,0.00
Os137_14380_S,2795.00,2795.00,2795.00,0.00
Os137_14380_M,2795.00,2795.00,2795.00,0.00
Os137_14380_L,2795.00,2795.00,2795.00,0.00
Os137_14380_XL,2795.00,2795.00,2795.00,0.00
Os137_14380_2XL,2795.00,2795.00,2795.00,0.00
Os138_14206_S,2795.00,2795.00,2795.00,0.00
Os138_14206_M,2795.00,2795.00,2795.00,0.00
Os138_14206_L,2795.00,2795.00,2795.00,0.00
Os138_14206_XL,2795.00,2795.00,2795.00,0.00
Os138_14206_2XL,2795.00,2795.00,2795.00,0.00
Os139_14275_S,2795.00,2795.00,2795.00,0.00
Os139_14275_M,2795.00,2795.00,2795.00,0.00
Os139_14275_L,2795.00,2795.00,2795.00,0.00
Os139_14275_XL,2795.00,2795.00,2795.00,0.00
Os139_14275_2XL,2795.00,2795.00,2795.00,0.00
Os254_15374_S,1695.00,1695.00,1695.00,0.00
Os254_15374_M,1695.00,1695.00,1695.00,0.00
Os254_15374_L,1695.00,1695.00,1695.00,0.00
Os254_15374_XL,1695.00,1695.00,1695.00,0.00
Os254_15374_2XL,1695.00,1695.00,1695.00,0.00
Os254_15374_3XL,1695.00,1695.00,1695.00,0.00
Os255_15375_S,1695.00,1695.00,1695.00,0.00
Os255_15375_M,1695.00,1695.00,1695.00,0.00
Os255_15375_L,1695.00,1695.00,1695.00,0.00
Os255_15375_XL,1695.00,1695.00,1695.00,0.00
Os255_15375_2XL,1695.00,1695.00,1695.00,0.00
Os255_15375_3XL,1695.00,1695.00,1695.00,0.00
Os256_15376_S,1695.00,1695.00,1695.00,0.00
Os256_15376_M,1695.00,1695.00,1695.00,0.00
Os256_15376_L,1695.00,1695.00,1695.00,0.00
Os256_15376_XL,1695.00,1695.00,1695.00,0.00
Os256_15376_2XL,1695.00,1695.00,1695.00,0.00
Os256_15376_3XL,1695.00,1695.00,1695.00,0.00
Os257_15377_S,1695.00,1695.00,1695.00,0.00
Os257_15377_M,1695.00,1695.00,1695.00,0.00
Os257_15377_L,1695.00,1695.00,1695.00,0.00
Os257_15377_XL,1695.00,1695.00,1695.00,0.00
Os257_15377_2XL,1695.00,1695.00,1695.00,0.00
Os257_15377_3XL,1695.00,1695.00,1695.00,0.00
Os258_15378_S,1695.00,1695.00,1695.00,0.00
Os258_15378_M,1695.00,1695.00,1695.00,0.00
Os258_15378_L,1695.00,1695.00,1695.00,0.00
Os258_15378_XL,1695.00,1695.00,1695.00,0.00
Os258_15378_2XL,1695.00,1695.00,1695.00,0.00
Os258_15378_3XL,1695.00,1695.00,1695.00,0.00
Os259_15379_S,1695.00,1695.00,1695.00,0.00
Os259_15379_M,1695.00,1695.00,1695.00,0.00
Os259_15379_L,1695.00,1695.00,1695.00,0.00
Os259_15379_XL,1695.00,1695.00,1695.00,0.00
Os259_15379_2XL,1695.00,1695.00,1695.00,0.00
Os259_15379_3XL,1695.00,1695.00,1695.00,0.00
Os260_15380_S,1695.00,1695.00,1695.00,0.00
Os260_15380_M,1695.00,1695.00,1695.00,0.00
Os260_15380_L,1695.00,1695.00,1695.00,0.00
Os260_15380_XL,1695.00,1695.00,1695.00,0.00
Os260_15380_2XL,1695.00,1695.00,1695.00,0.00
Os260_15380_3XL,1695.00,1695.00,1695.00,0.00
Os261_15381_S,1695.00,1695.00,1695.00,0.00
Os261_15381_M,1695.00,1695.00,1695.00,0.00
Os261_15381_L,1695.00,1695.00,1695.00,0.00
Os261_15381_XL,1695.00,1695.00,1695.00,0.00
Os261_15381_2XL,1695.00,1695.00,1695.00,0.00
Os261_15381_3XL,1695.00,1695.00,1695.00,0.00
Os263_15383_S,1795.00,1795.00,1795.00,0.00
Os263_15383_M,1795.00,1795.00,1795.00,0.00
Os263_15383_L,1795.00,1795.00,1795.00,0.00
Os263_15383_XL,1795.00,1795.00,1795.00,0.00
Os263_15383_2XL,1795.00,1795.00,1795.00,0.00
Os263_15383_3XL,1795.00,1795.00,1795.00,0.00
Os1076_S,2495.00,2495.00,2495.00,0.00
Os1076_M,2495.00,2495.00,2495.00,0.00
Os1076_L,2495.00,2495.00,2495.00,0.00
Os1076_XL,2495.00,2495.00,2495.00,0.00
Os1076_2XL,2495.00,2495.00,2495.00,0.00
Os1076_3XL,2495.00,2495.00,2495.00,0.00
Os1074_S,2495.00,2495.00,2495.00,0.00
Os1074_M,2495.00,2495.00,2495.00,0.00
Os1074_L,2495.00,2495.00,2495.00,0.00
Os1074_XL,2495.00,2495.00,2495.00,0.00
Os1074_2XL,2495.00,2495.00,2495.00,0.00
Os1074_3XL,2495.00,2495.00,2495.00,0.00
Os1060_S,2495.00,2495.00,2495.00,0.00
Os1060_M,2495.00,2495.00,2495.00,0.00
Os1060_L,2495.00,2495.00,2495.00,0.00
Os1060_XL,2495.00,2495.00,2495.00,0.00
Os1060_2XL,2495.00,2495.00,2495.00,0.00
Os1060_3XL,2495.00,2495.00,2495.00,0.00
Os1086_S,2150.00,2150.00,2150.00,0.00
Os1086_M,2150.00,2150.00,2150.00,0.00
Os1086_L,2150.00,2150.00,2150.00,0.00
Os1086_XL,2150.00,2150.00,2150.00,0.00
Os1086_2XL,2150.00,2150.00,2150.00,0.00
Os1086_3XL,2150.00,2150.00,2150.00,0.00
Os1087_S,2250.00,2250.00,2250.00,0.00
Os1087_M,2250.00,2250.00,2250.00,0.00
Os1087_L,2250.00,2250.00,2250.00,0.00
Os1087_XL,2250.00,2250.00,2250.00,0.00
Os1087_2XL,2250.00,2250.00,2250.00,0.00
Os1087_3XL,2250.00,2250.00,2250.00,0.00
Os1051_S,1995.00,1995.00,1995.00,0.00
Os1051_M,1995.00,1995.00,1995.00,0.00
Os1051_L,1995.00,1995.00,1995.00,0.00
Os1051_XL,1995.00,1995.00,1995.00,0.00
Os1051_2XL,1995.00,1995.00,1995.00,0.00
Os1051_3XL,1995.00,1995.00,1995.00,0.00
Os1137_S,2695.00,2695.00,2695.00,0.00
Os1137_M,2695.00,2695.00,2695.00,0.00
Os1137_L,2695.00,2695.00,2695.00,0.00
Os1137_XL,2695.00,2695.00,2695.00,0.00
Os1137_2XL,2695.00,2695.00,2695.00,0.00
Os1137_3XL,2695.00,2695.00,2695.00,0.00
Os1144_S,2695.00,2695.00,2695.00,0.00
Os1144_M,2695.00,2695.00,2695.00,0.00
Os1144_L,2695.00,2695.00,2695.00,0.00
Os1144_XL,2695.00,2695.00,2695.00,0.00
Os1144_2XL,2695.00,2695.00,2695.00,0.00
Os1144_3XL,2695.00,2695.00,2695.00,0.00
Os1106_S,2150.00,2150.00,2150.00,0.00
Os1106_M,2150.00,2150.00,2150.00,0.00
Os1106_L,2150.00,2150.00,2150.00,0.00
Os1106_XL,2150.00,2150.00,2150.00,0.00
Os1106_2XL,2150.00,2150.00,2150.00,0.00
Os1106_3XL,2150.00,2150.00,2150.00,0.00
Os147_15288_XS,1595.00,1595.00,1595.00,0.00
Os147_15288_S,1595.00,1595.00,1595.00,0.00
Os147_15288_M,1595.00,1595.00,1595.00,0.00
Os147_15288_L,1595.00,1595.00,1595.00,0.00
Os147_15288_XL,1595.00,1595.00,1595.00,0.00
Os213_15284_XS,1695.00,1695.00,1695.00,0.00
Os213_15284_S,1695.00,1695.00,1695.00,0.00
Os213_15284_M,1695.00,1695.00,1695.00,0.00
Os213_15284_L,1695.00,1695.00,1695.00,0.00
Os213_15284_XL,1695.00,1695.00,1695.00,0.00
Os169_S,1795.00,1795.00,1795.00,0.00
Os169_M,1795.00,1795.00,1795.00,0.00
Os169_L,1795.00,1795.00,1795.00,0.00
Os169_XL,1795.00,1795.00,1795.00,0.00
Os169_2XL,1795.00,1795.00,1795.00,0.00
Os169_3XL,1795.00,1795.00,1795.00,0.00
Os142_XS,1695.00,1695.00,1695.00,0.00
Os142_S,1695.00,1695.00,1695.00,0.00
Os142_M,1695.00,1695.00,1695.00,0.00
Os142_L,1695.00,1695.00,1695.00,0.00
Os142_XL,1695.00,1695.00,1695.00,0.00
Os144_XS,1795.00,1795.00,1795.00,0.00
Os144_S,1795.00,1795.00,1795.00,0.00
Os144_M,1795.00,1795.00,1795.00,0.00
Os144_L,1795.00,1795.00,1795.00,0.00
Os144_XL,1795.00,1795.00,1795.00,0.00
Os145_XS,1895.00,1895.00,1895.00,0.00
Os145_S,1895.00,1895.00,1895.00,0.00
Os145_M,1895.00,1895.00,1895.00,0.00
Os145_L,1895.00,1895.00,1895.00,0.00
Os145_XL,1895.00,1895.00,1895.00,0.00
Os1111_S,1895.00,1895.00,1895.00,0.00
Os1111_M,1895.00,1895.00,1895.00,0.00
Os1111_L,1895.00,1895.00,1895.00,0.00
Os1111_XL,1895.00,1895.00,1895.00,0.00
Os1111_2XL,1895.00,1895.00,1895.00,0.00
Os1111_3XL,1895.00,1895.00,1895.00,0.00
Os1071_S,2495.00,2495.00,2495.00,0.00
Os1071_M,2495.00,2495.00,2495.00,0.00
Os1071_L,2495.00,2495.00,2495.00,0.00
Os1071_XL,2495.00,2495.00,2495.00,0.00
Os1071_2XL,2495.00,2495.00,2495.00,0.00
Os1071_3XL,2495.00,2495.00,2495.00,0.00
Os1081_S,2195.00,2195.00,2195.00,0.00
Os1081_M,2195.00,2195.00,2195.00,0.00
Os1081_L,2195.00,2195.00,2195.00,0.00
Os1081_XL,2195.00,2195.00,2195.00,0.00
Os1081_2XL,2195.00,2195.00,2195.00,0.00
Os1081_3XL,2195.00,2195.00,2195.00,0.00
Os1088_S,2050.00,2050.00,2050.00,0.00
Os1088_M,2050.00,2050.00,2050.00,0.00
Os1088_L,2050.00,2050.00,2050.00,0.00
Os1088_XL,2050.00,2050.00,2050.00,0.00
Os1088_2XL,2050.00,2050.00,2050.00,0.00
Os1088_3XL,2050.00,2050.00,2050.00,0.00
Os1084_S,2395.00,2395.00,2395.00,0.00
Os1084_M,2395.00,2395.00,2395.00,0.00
Os1084_L,2395.00,2395.00,2395.00,0.00
Os1084_XL,2395.00,2395.00,2395.00,0.00
Os1084_2XL,2395.00,2395.00,2395.00,0.00
Os1084_3XL,2395.00,2395.00,2395.00,0.00
Os1120_S,1895.00,1895.00,1895.00,0.00
Os1120_M,1895.00,1895.00,1895.00,0.00
Os1120_L,1895.00,1895.00,1895.00,0.00
Os1120_XL,1895.00,1895.00,1895.00,0.00
Os1120_2XL,1895.00,1895.00,1895.00,0.00
Os1120_3XL,1895.00,1895.00,1895.00,0.00
Os1097_S,1895.00,1895.00,1895.00,0.00
Os1097_M,1895.00,1895.00,1895.00,0.00
Os1097_L,1895.00,1895.00,1895.00,0.00
Os1097_XL,1895.00,1895.00,1895.00,0.00
Os1097_2XL,1895.00,1895.00,1895.00,0.00
Os1097_3XL,1895.00,1895.00,1895.00,0.00
Os1094_S,1995.00,1995.00,1995.00,0.00
Os1094_M,1995.00,1995.00,1995.00,0.00
Os1094_L,1995.00,1995.00,1995.00,0.00
Os1094_XL,1995.00,1995.00,1995.00,0.00
Os1094_2XL,1995.00,1995.00,1995.00,0.00
Os1094_3XL,1995.00,1995.00,1995.00,0.00
Os1064_S,1895.00,1895.00,1895.00,0.00
Os1064_M,1895.00,1895.00,1895.00,0.00
Os1064_L,1895.00,1895.00,1895.00,0.00
Os1064_XL,1895.00,1895.00,1895.00,0.00
Os1064_2XL,1895.00,1895.00,1895.00,0.00
Os1064_3XL,1895.00,1895.00,1895.00,0.00
Os1091_S,2595.00,2595.00,2595.00,0.00
Os1091_M,2595.00,2595.00,2595.00,0.00
Os1091_L,2595.00,2595.00,2595.00,0.00
Os1091_XL,2595.00,2595.00,2595.00,0.00
Os1091_2XL,2595.00,2595.00,2595.00,0.00
Os1091_3XL,2595.00,2595.00,2595.00,0.00
Os1090_S,2295.00,2295.00,2295.00,0.00
Os1090_M,2295.00,2295.00,2295.00,0.00
Os1090_L,2295.00,2295.00,2295.00,0.00
Os1090_XL,2295.00,2295.00,2295.00,0.00
Os1090_2XL,2295.00,2295.00,2295.00,0.00
Os1090_3XL,2295.00,2295.00,2295.00,0.00
Os1068_S,2495.00,2495.00,2495.00,0.00
Os1068_M,2495.00,2495.00,2495.00,0.00
Os1068_L,2495.00,2495.00,2495.00,0.00
Os1068_XL,2495.00,2495.00,2495.00,0.00
Os1068_2XL,2495.00,2495.00,2495.00,0.00
Os1068_3XL,2495.00,2495.00,2495.00,0.00
Os273_S,2795.00,2795.00,2795.00,0.00
Os273_M,2795.00,2795.00,2795.00,0.00
Os273_L,2795.00,2795.00,2795.00,0.00
Os273_XL,2795.00,2795.00,2795.00,0.00
Os273_2XL,2795.00,2795.00,2795.00,0.00
Os273_3XL,2795.00,2795.00,2795.00,0.00
Os272_S,2795.00,2795.00,2795.00,0.00
Os272_M,2795.00,2795.00,2795.00,0.00
Os272_L,2795.00,2795.00,2795.00,0.00
Os272_XL,2795.00,2795.00,2795.00,0.00
Os272_2XL,2795.00,2795.00,2795.00,0.00
Os272_3XL,2795.00,2795.00,2795.00,0.00
Os271_S,2795.00,2795.00,2795.00,0.00
Os271_M,2795.00,2795.00,2795.00,0.00
Os271_L,2795.00,2795.00,2795.00,0.00
Os271_XL,2795.00,2795.00,2795.00,0.00
Os271_2XL,2795.00,2795.00,2795.00,0.00
Os271_3XL,2795.00,2795.00,2795.00,0.00
Os270_S,2795.00,2795.00,2795.00,0.00
Os270_M,2795.00,2795.00,2795.00,0.00
Os270_L,2795.00,2795.00,2795.00,0.00
Os270_XL,2795.00,2795.00,2795.00,0.00
Os270_2XL,2795.00,2795.00,2795.00,0.00
Os270_3XL,2795.00,2795.00,2795.00,0.00
Os266_S,1995.00,1995.00,1995.00,0.00
Os266_M,1995.00,1995.00,1995.00,0.00
Os266_L,1995.00,1995.00,1995.00,0.00
Os266_XL,1995.00,1995.00,1995.00,0.00
Os266_2XL,1995.00,1995.00,1995.00,0.00
Os266_3XL,1995.00,1995.00,1995.00,0.00
Os163_S,1995.00,1995.00,1995.00,0.00
Os163_M,1995.00,1995.00,1995.00,0.00
Os163_L,1995.00,1995.00,1995.00,0.00
Os163_XL,1995.00,1995.00,1995.00,0.00
Os163_2XL,1995.00,1995.00,1995.00,0.00
Os163_3XL,1995.00,1995.00,1995.00,0.00
Os269_S,1195.00,1195.00,1195.00,0.00
Os269_M,1195.00,1195.00,1195.00,0.00
Os269_L,1195.00,1195.00,1195.00,0.00
Os269_XL,1195.00,1195.00,1195.00,0.00
Os269_2XL,1195.00,1195.00,1195.00,0.00
Os1126_S,1250.00,1250.00,1250.00,0.00
Os1126_M,1250.00,1250.00,1250.00,0.00
Os1126_L,1250.00,1250.00,1250.00,0.00
Os1126_XL,1250.00,1250.00,1250.00,0.00
Os1126_2XL,1250.00,1250.00,1250.00,0.00
Os1126_3XL,1250.00,1250.00,1250.00,0.00
Os1061_S,1895.00,1895.00,1895.00,0.00
Os1061_M,1895.00,1895.00,1895.00,0.00
Os1061_L,1895.00,1895.00,1895.00,0.00
Os1061_XL,1895.00,1895.00,1895.00,0.00
Os1061_2XL,1895.00,1895.00,1895.00,0.00
Os1061_3XL,1895.00,1895.00,1895.00,0.00
Os264_S,1895.00,1895.00,1895.00,0.00
Os264_M,1895.00,1895.00,1895.00,0.00
Os264_L,1895.00,1895.00,1895.00,0.00
Os264_XL,1895.00,1895.00,1895.00,0.00
Os264_2XL,1895.00,1895.00,1895.00,0.00
Os264_3XL,1895.00,1895.00,1895.00,0.00
Os265_S,1895.00,1895.00,1895.00,0.00
Os265_M,1895.00,1895.00,1895.00,0.00
Os265_L,1895.00,1895.00,1895.00,0.00
Os265_XL,1895.00,1895.00,1895.00,0.00
Os265_2XL,1895.00,1895.00,1895.00,0.00
Os265_3XL,1895.00,1895.00,1895.00,0.00
Os155_S,1895.00,1895.00,1895.00,0.00
Os155_M,1895.00,1895.00,1895.00,0.00
Os155_L,1895.00,1895.00,1895.00,0.00
Os155_XL,1895.00,1895.00,1895.00,0.00
Os155_2XL,1895.00,1895.00,1895.00,0.00
Os155_3XL,1895.00,1895.00,1895.00,0.00
Os156_S,1895.00,1895.00,1895.00,0.00
Os156_M,1895.00,1895.00,1895.00,0.00
Os156_L,1895.00,1895.00,1895.00,0.00
Os156_XL,1895.00,1895.00,1895.00,0.00
Os156_2XL,1895.00,1895.00,1895.00,0.00
Os156_3XL,1895.00,1895.00,1895.00,0.00
Os166_S,1895.00,1895.00,1895.00,0.00
Os166_M,1895.00,1895.00,1895.00,0.00
Os166_L,1895.00,1895.00,1895.00,0.00
Os166_XL,1895.00,1895.00,1895.00,0.00
Os166_2XL,1895.00,1895.00,1895.00,0.00
Os166_3XL,1895.00,1895.00,1895.00,0.00
Os165_S,1895.00,1895.00,1895.00,0.00
Os165_M,1895.00,1895.00,1895.00,0.00
Os165_L,1895.00,1895.00,1895.00,0.00
Os165_XL,1895.00,1895.00,1895.00,0.00
Os165_2XL,1895.00,1895.00,1895.00,0.00
Os165_3XL,1895.00,1895.00,1895.00,0.00
Os159_S,1895.00,1895.00,1895.00,0.00
Os159_M,1895.00,1895.00,1895.00,0.00
Os159_L,1895.00,1895.00,1895.00,0.00
Os159_XL,1895.00,1895.00,1895.00,0.00
Os159_2XL,1895.00,1895.00,1895.00,0.00
Os159_3XL,1895.00,1895.00,1895.00,0.00
Os268_S,1395.00,1395.00,1395.00,0.00
Os268_M,1395.00,1395.00,1395.00,0.00
Os268_L,1395.00,1395.00,1395.00,0.00
Os268_XL,1395.00,1395.00,1395.00,0.00
Os268_2XL,1395.00,1395.00,1395.00,0.00
Os268_3XL,1395.00,1395.00,1395.00,0.00
Os1073_S,2095.00,2095.00,2095.00,0.00
Os1073_M,2095.00,2095.00,2095.00,0.00
Os1073_L,2095.00,2095.00,2095.00,0.00
Os1073_XL,2095.00,2095.00,2095.00,0.00
Os1073_2XL,2095.00,2095.00,2095.00,0.00
Os1073_3XL,2095.00,2095.00,2095.00,0.00
Os1101_S,2295.00,2295.00,2295.00,0.00
Os1101_M,2295.00,2295.00,2295.00,0.00
Os1101_L,2295.00,2295.00,2295.00,0.00
Os1101_XL,2295.00,2295.00,2295.00,0.00
Os1101_2XL,2295.00,2295.00,2295.00,0.00
Os1101_3XL,2295.00,2295.00,2295.00,0.00
Os1055_S,2150.00,2150.00,2150.00,0.00
Os1055_M,2150.00,2150.00,2150.00,0.00
Os1055_L,2150.00,2150.00,2150.00,0.00
Os1055_XL,2150.00,2150.00,2150.00,0.00
Os1055_2XL,2150.00,2150.00,2150.00,0.00
Os1055_3XL,2150.00,2150.00,2150.00,0.00
Os1147_S,2695.00,2695.00,2695.00,0.00
Os1147_M,2695.00,2695.00,2695.00,0.00
Os1147_L,2695.00,2695.00,2695.00,0.00
Os1147_XL,2695.00,2695.00,2695.00,0.00
Os1147_2XL,2695.00,2695.00,2695.00,0.00
Os1147_3XL,2695.00,2695.00,2695.00,0.00
Os1113_S,2195.00,2195.00,2195.00,0.00
Os1113_M,2195.00,2195.00,2195.00,0.00
Os1113_L,2195.00,2195.00,2195.00,0.00
Os1113_XL,2195.00,2195.00,2195.00,0.00
Os1113_2XL,2195.00,2195.00,2195.00,0.00
Os1113_3XL,2195.00,2195.00,2195.00,0.00
Os1108_S,1795.00,1795.00,1795.00,0.00
Os1108_M,1795.00,1795.00,1795.00,0.00
Os1108_L,1795.00,1795.00,1795.00,0.00
Os1108_XL,1795.00,1795.00,1795.00,0.00
Os1108_2XL,1795.00,1795.00,1795.00,0.00
Os1108_3XL,1795.00,1795.00,1795.00,0.00
Os274_XS,1695.00,1695.00,1695.00,0.00
Os274_S,1695.00,1695.00,1695.00,0.00
Os274_M,1695.00,1695.00,1695.00,0.00
Os274_L,1695.00,1695.00,1695.00,0.00
Os274_XL,1695.00,1695.00,1695.00,0.00
Os115_S,1995.00,1995.00,1995.00,0.00
Os115_M,1995.00,1995.00,1995.00,0.00
Os115_L,1995.00,1995.00,1995.00,0.00
Os115_XL,1995.00,1995.00,1995.00,0.00
Os115_2XL,1995.00,1995.00,1995.00,0.00
Os115_3XL,1995.00,1995.00,1995.00,0.00
Os118_S,1895.00,1895.00,1895.00,0.00
Os118_M,1895.00,1895.00,1895.00,0.00
Os118_L,1895.00,1895.00,1895.00,0.00
Os118_XL,1895.00,1895.00,1895.00,0.00
Os118_2XL,1895.00,1895.00,1895.00,0.00
Os118_3XL,1895.00,1895.00,1895.00,0.00
Os125_S,2095.00,2095.00,2095.00,0.00
Os125_M,2095.00,2095.00,2095.00,0.00
Os125_L,2095.00,2095.00,2095.00,0.00
Os125_XL,2095.00,2095.00,2095.00,0.00
Os125_2XL,2095.00,2095.00,2095.00,0.00
Os125_3XL,2095.00,2095.00,2095.00,0.00
Os127_S,1995.00,1995.00,1995.00,0.00
Os127_M,1995.00,1995.00,1995.00,0.00
Os127_L,1995.00,1995.00,1995.00,0.00
Os127_XL,1995.00,1995.00,1995.00,0.00
Os127_2XL,1995.00,1995.00,1995.00,0.00
Os127_3XL,1995.00,1995.00,1995.00,0.00
Os133_S,3495.00,3495.00,3495.00,0.00
Os133_M,3495.00,3495.00,3495.00,0.00
Os133_L,3495.00,3495.00,3495.00,0.00
Os133_XL,3495.00,3495.00,3495.00,0.00
Os133_2XL,3495.00,3495.00,3495.00,0.00
Os133_3XL,3495.00,3495.00,3495.00,0.00
Os134_S,3495.00,3495.00,3495.00,0.00
Os134_M,3495.00,3495.00,3495.00,0.00
Os134_L,3495.00,3495.00,3495.00,0.00
Os134_XL,3495.00,3495.00,3495.00,0.00
Os134_2XL,3495.00,3495.00,3495.00,0.00
Os134_3XL,3495.00,3495.00,3495.00,0.00
Os136_S,3195.00,3195.00,3195.00,0.00
Os136_M,3195.00,3195.00,3195.00,0.00
Os136_L,3195.00,3195.00,3195.00,0.00
Os136_XL,3195.00,3195.00,3195.00,0.00
Os136_2XL,3195.00,3195.00,3195.00,0.00
Os136_3XL,3195.00,3195.00,3195.00,0.00
Os1056_S,5395.00,5395.00,5395.00,0.00
Os1056_M,5395.00,5395.00,5395.00,0.00
Os1056_L,5395.00,5395.00,5395.00,0.00
Os1056_XL,5395.00,5395.00,5395.00,0.00
Os1056_2XL,5395.00,5395.00,5395.00,0.00
Os1056_3XL,5395.00,5395.00,5395.00,0.00
Os1066_S,4895.00,4895.00,4895.00,0.00
Os1066_M,4895.00,4895.00,4895.00,0.00
Os1066_L,4895.00,4895.00,4895.00,0.00
Os1066_XL,4895.00,4895.00,4895.00,0.00
Os1066_2XL,4895.00,4895.00,4895.00,0.00
Os1066_3XL,4895.00,4895.00,4895.00,0.00
Os1103_S,4295.00,4295.00,4295.00,0.00
Os1103_M,4295.00,4295.00,4295.00,0.00
Os1103_L,4295.00,4295.00,4295.00,0.00
Os1103_XL,4295.00,4295.00,4295.00,0.00
Os1103_2XL,4295.00,4295.00,4295.00,0.00
Os1103_3XL,4295.00,4295.00,4295.00,0.00
Os1119_S,4895.00,4895.00,4895.00,0.00
Os1119_M,4895.00,4895.00,4895.00,0.00
Os1119_L,4895.00,4895.00,4895.00,0.00
Os1119_XL,4895.00,4895.00,4895.00,0.00
Os1119_2XL,4895.00,4895.00,4895.00,0.00
Os1119_3XL,4895.00,4895.00,4895.00,0.00
Os287KR_S,2195.00,2195.00,2195.00,0.00
Os287KR_M,2195.00,2195.00,2195.00,0.00
Os287KR_L,2195.00,2195.00,2195.00,0.00
Os287KR_XL,2195.00,2195.00,2195.00,0.00
Os287KR_2XL,2195.00,2195.00,2195.00,0.00
Os287KR_3XL,2195.00,2195.00,2195.00,0.00
Os278KR_S,2397.00,2397.00,2397.00,0.00
Os278KR_M,2397.00,2397.00,2397.00,0.00
Os278KR_L,2397.00,2397.00,2397.00,0.00
Os278KR_XL,2397.00,2397.00,2397.00,0.00
Os278KR_2XL,2397.00,2397.00,2397.00,0.00
Os278KR_3XL,2397.00,2397.00,2397.00,0.00
Os277KR_S,2295.00,2295.00,2295.00,0.00
Os277KR_M,2295.00,2295.00,2295.00,0.00
Os277KR_L,2295.00,2295.00,2295.00,0.00
Os277KR_XL,2295.00,2295.00,2295.00,0.00
Os277KR_2XL,2295.00,2295.00,2295.00,0.00
Os277KR_3XL,2295.00,2295.00,2295.00,0.00
Os276KR_S,2495.00,2495.00,2495.00,0.00
Os276KR_M,2495.00,2495.00,2495.00,0.00
Os276KR_L,2495.00,2495.00,2495.00,0.00
Os276KR_XL,2495.00,2495.00,2495.00,0.00
Os276KR_2XL,2495.00,2495.00,2495.00,0.00
Os276KR_3XL,2495.00,2495.00,2495.00,0.00
Os309_S,2097.00,2097.00,2097.00,0.00
Os309_M,2097.00,2097.00,2097.00,0.00
Os309_L,2097.00,2097.00,2097.00,0.00
Os309_XL,2097.00,2097.00,2097.00,0.00
Os309_2XL,2097.00,2097.00,2097.00,0.00
Os309_3XL,2097.00,2097.00,2097.00,0.00
Os280_S,3297.00,3297.00,3297.00,0.00
Os280_M,3297.00,3297.00,3297.00,0.00
Os280_L,3297.00,3297.00,3297.00,0.00
Os280_XL,3297.00,3297.00,3297.00,0.00
Os280_2XL,3297.00,3297.00,3297.00,0.00
Os280_3XL,3297.00,3297.00,3297.00,0.00
Os280KR_S,2195.00,2195.00,2195.00,0.00
Os280KR_M,2195.00,2195.00,2195.00,0.00
Os280KR_L,2195.00,2195.00,2195.00,0.00
Os280KR_XL,2195.00,2195.00,2195.00,0.00
Os280KR_2XL,2195.00,2195.00,2195.00,0.00
Os280KR_3XL,2195.00,2195.00,2195.00,0.00
Os283_S,2197.00,2197.00,2197.00,0.00
Os283_M,2197.00,2197.00,2197.00,0.00
Os283_L,2197.00,2197.00,2197.00,0.00
Os283_XL,2197.00,2197.00,2197.00,0.00
Os283_2XL,2197.00,2197.00,2197.00,0.00
Os283_3XL,2197.00,2197.00,2197.00,0.00
Os294KR_S,2095.00,2095.00,2095.00,0.00
Os294KR_M,2095.00,2095.00,2095.00,0.00
Os294KR_L,2095.00,2095.00,2095.00,0.00
Os294KR_XL,2095.00,2095.00,2095.00,0.00
Os294KR_2XL,2095.00,2095.00,2095.00,0.00
Os294KR_3XL,2095.00,2095.00,2095.00,0.00
Os307_S,3297.00,3297.00,3297.00,0.00
Os307_M,3297.00,3297.00,3297.00,0.00
Os307_L,3297.00,3297.00,3297.00,0.00
Os307_XL,3297.00,3297.00,3297.00,0.00
Os307_2XL,3297.00,3297.00,3297.00,0.00
Os307_3XL,3297.00,3297.00,3297.00,0.00
Os307KR_S,2195.00,2195.00,2195.00,0.00
Os307KR_M,2195.00,2195.00,2195.00,0.00
Os307KR_L,2195.00,2195.00,2195.00,0.00
Os307KR_XL,2195.00,2195.00,2195.00,0.00
Os307KR_2XL,2195.00,2195.00,2195.00,0.00
Os307KR_3XL,2195.00,2195.00,2195.00,0.00
Os303_S,2097.00,2097.00,2097.00,0.00
Os303_M,2097.00,2097.00,2097.00,0.00
Os303_L,2097.00,2097.00,2097.00,0.00
Os303_XL,2097.00,2097.00,2097.00,0.00
Os303_2XL,2097.00,2097.00,2097.00,0.00
Os303_3XL,2097.00,2097.00,2097.00,0.00
Os282KR_S,2295.00,2295.00,2295.00,0.00
Os282KR_M,2295.00,2295.00,2295.00,0.00
Os282KR_L,2295.00,2295.00,2295.00,0.00
Os282KR_XL,2295.00,2295.00,2295.00,0.00
Os282KR_2XL,2295.00,2295.00,2295.00,0.00
Os282KR_3XL,2295.00,2295.00,2295.00,0.00
Os290_S,3195.00,3195.00,3195.00,0.00
Os290_M,3195.00,3195.00,3195.00,0.00
Os290_L,3195.00,3195.00,3195.00,0.00
Os290_XL,3195.00,3195.00,3195.00,0.00
Os290_2XL,3195.00,3195.00,3195.00,0.00
Os290_3XL,3195.00,3195.00,3195.00,0.00
Os290KR_S,2097.00,2097.00,2097.00,0.00
Os290KR_M,2097.00,2097.00,2097.00,0.00
Os290KR_L,2097.00,2097.00,2097.00,0.00
Os290KR_XL,2097.00,2097.00,2097.00,0.00
Os290KR_2XL,2097.00,2097.00,2097.00,0.00
Os290KR_3XL,2097.00,2097.00,2097.00,0.00
Os289KR_S,2195.00,2195.00,2195.00,0.00
Os289KR_M,2195.00,2195.00,2195.00,0.00
Os289KR_L,2195.00,2195.00,2195.00,0.00
Os289KR_XL,2195.00,2195.00,2195.00,0.00
Os289KR_2XL,2195.00,2195.00,2195.00,0.00
Os289KR_3XL,2195.00,2195.00,2195.00,0.00
Os1109_M,5997.00,5997.00,5997.00,0.00
Os1109_L,5997.00,5997.00,5997.00,0.00
Os1109_XL,5997.00,5997.00,5997.00,0.00
Os1109_2XL,5997.00,5997.00,5997.00,0.00
Os198_5045_XS,1595.00,1595.00,1595.00,0.00
Os192_1124_XS,2295.00,2295.00,2295.00,0.00
Os308_L,2195.00,2195.00,2195.00,0.00
Os275_M,2195.00,2195.00,2195.00,0.00
Os275_L,2195.00,2195.00,2195.00,0.00
Os308_3XL,2195.00,2195.00,2195.00,0.00
Os163_2XLL,1995.00,1995.00,1995.00,0.00
Os160_MM,1695.00,1695.00,1695.00,0.00
Os160_XS,1695.00,1695.00,1695.00,0.00
Os326_XS,1995.00,1995.00,1995.00,0.00
Os326_S,1995.00,1995.00,1995.00,0.00
Os326_M,1995.00,1995.00,1995.00,0.00
Os326_L,1995.00,1995.00,1995.00,0.00
Os326_XL,1995.00,1995.00,1995.00,0.00
Os326_2XL,1995.00,1995.00,1995.00,0.00
Os326_3XL,1995.00,1995.00,1995.00,0.00
